{
  "total_ventas": 74431363.87000023,
  "por_fabrica": {
    "KLOSTER": 1288688.4000000004,
    "MAXIFER": 7096954.460000004,
    "JORGE.CARBON": 5005952.309999995,
    "KAZ": 133677.15000000002,
    "ALNAT": 12923277.130000006,
    "IMPORTACION": 2559097.6799999983,
    "BAIGORRIA": 582517.1300000001,
    "WALTER": 2355994.6,
    "INSERTOS": 1280823.5499999996,
    "ALCIDES.TESSA": 1506362.85,
    "OVNISA": 4966730.219999999,
    "NEPLASTIC": 2608658.61,
    "INYECTGAS": 2838870.300000001,
    "FADER": 7254128.059999982,
    "REGATONES": 2336314.2300000004,
    "RESORTES": 7040432.149999984,
    "MIXTO": 1019038.3200000001,
    "JUCAP": 1226096.21,
    "METALGRAB": 1330874.390000001,
    "TOBAR": 972196.23,
    "SELFLEX": 910558.4900000006,
    "DAHE.DIESEL": 2159423.8099999987,
    "MIGUEL.ALEMITES": 582352.2799999999,
    "OTIA": 1601653.4599999995,
    "JORGEMANGUERA": 760052.5399999998,
    "CASERGOM": 67761.76000000001,
    "LCT": 1564587.4200000018,
    "SKOTNICA": 181167.01,
    "RESORTESGENERALES": 105065.69999999998,
    "TUDANCA": 77540.53000000001,
    "DQAUTOPARTES": 94516.89000000001
  },
  "ventas_maxifer_estricto": 7096954.460000004,
  "ventas_mixtos": 1019038.3200000001,
  "periodo": "01-24 abril 2026 (parcial)"
}